1,Antonie,Chiene,antonie.chiene@hotmail.com,17
2,Geoffrey,McArdell,geoffrey.mcardell@hotmail.com,62
3,Pauly,Feuell,pauly.feuell@yahoo.com,8
4,Chip,Biddiss,chip.biddiss@yahoo.com,33
5,Magnum,Longbothom,magnum.longbothom@gmail.com,57
6,Consuelo,Cadden,consuelo.cadden@orange.fr,14
7,Etan,Rendbaek,etan.rendbaek@bigpond.com,62
8,Lavinie,Rougier,lavinie.rougier@yahoo.com,24
9,Judah,McArt,judah.mcart@aol.com,38
10,Kat,Tullot,kat.tullot@bigpond.net.au,75
11,Che,Glason,che.glason@yahoo.com,71
12,Talia,Poulglais,talia.poulglais@gmail.com,8
13,Mayer,Parres,mayer.parres@hotmail.co.uk,96
14,Farlie,Beverley,farlie.beverley@hotmail.com,71
15,Isadora,Zywicki,isadora.zywicki@hotmail.com,15
16,Kevan,Waddoups,kevan.waddoups@hotmail.com,70
17,Ange,Candwell,ange.candwell@hotmail.com,73
18,Datha,Phizacklea,datha.phizacklea@yahoo.com,25
19,Enrica,Dennidge,enrica.dennidge@msn.com,48
20,Adam,Jakubovics,adam.jakubovics@hotmail.com,59
21,Sherwin,MacLaughlin,sherwin.maclaughlin@orange.fr,63
22,Kathlin,McOmish,kathlin.mcomish@facebook.com,89
23,Hillary,Merlin,hillary.merlin@yahoo.co.uk,64
24,Ara,Leckie,ara.leckie@libero.it,55
25,Ive,McGilmartin,ive.mcgilmartin@hotmail.com,1
26,Sunshine,Abthorpe,sunshine.abthorpe@msn.com,38
27,Wayland,Gallard,wayland.gallard@yahoo.com,35
28,Janene,Coultish,janene.coultish@hotmail.com,75
29,Ardella,Jerrom,ardella.jerrom@hotmail.com,53
30,Annalise,Kynder,annalise.kynder@hotmail.com,79
31,Beitris,Culkin,beitris.culkin@yahoo.com,22
32,Weber,Vigne,weber.vigne@gmail.com,43
33,Aubrey,Haselgrove,aubrey.haselgrove@aol.com,82
34,Scotty,Scarisbrick,scotty.scarisbrick@hotmail.com,47
35,Evyn,Steptoe,evyn.steptoe@hotmail.com,88
36,Ansell,Parton,ansell.parton@hotmail.com,71
37,Brittani,Jeyes,brittani.jeyes@gmail.com,49
38,Ingunna,Radden,ingunna.radden@gmail.com,24
39,Daniella,Jeal,daniella.jeal@libero.it,76
40,Arty,Korneichik,arty.korneichik@yahoo.com,77
41,Cullie,Hasser,cullie.hasser@live.com,25
42,Kip,McNeill,kip.mcneill@yahoo.com,38
43,Nanete,Ashworth,nanete.ashworth@yahoo.co.in,48
44,Keen,Gilgryst,keen.gilgryst@yahoo.com,50
45,Maybelle,Callaghan,maybelle.callaghan@msn.com,43
46,Urbano,Annable,urbano.annable@uol.com.br,63
47,Kati,Koppes,kati.koppes@hotmail.com,4
48,Irita,Evison,irita.evison@live.fr,37
49,Peria,Milley,peria.milley@verizon.net,15
50,Dalt,Shimmings,dalt.shimmings@yahoo.com,3
51,Alejoa,Lathleiffure,alejoa.lathleiffure@hotmail.com,70
52,Rosamund,MacCleod,rosamund.maccleod@yahoo.com,31
53,Celka,Arrundale,celka.arrundale@gmail.com,65
54,Eric,Line,eric.line@yahoo.com,84
55,Timotheus,Bondar,timotheus.bondar@yahoo.com,54
56,Anestassia,Havercroft,anestassia.havercroft@googlemail.com,60
57,Bethena,Stokey,bethena.stokey@comcast.net,73
58,Vanna,Northill,vanna.northill@gmail.com,56
59,Kristofor,Deville,kristofor.deville@rediffmail.com,10
60,Mart,Soans,mart.soans@gmail.com,43
61,Artie,Shoreson,artie.shoreson@gmail.com,88
62,Adelle,Blaise,adelle.blaise@yahoo.com,68
63,Raymund,Whitmore,raymund.whitmore@yahoo.com,25
64,Ursula,Shearme,ursula.shearme@hotmail.co.uk,86
65,Mada,de Grey,mada.degrey@libero.it,84
66,Isadore,Hallihane,isadore.hallihane@hotmail.com,9
67,Anatol,Maxsted,anatol.maxsted@yahoo.com,24
68,Mignon,Prendiville,mignon.prendiville@yahoo.com,98
69,Jason,Ovise,jason.ovise@yahoo.com,24
70,Rhoda,Strutton,rhoda.strutton@yahoo.com,42
71,Sylas,Borthe,sylas.borthe@hotmail.com,61
72,Adan,McGuire,adan.mcguire@hotmail.com,75
73,Thomas,Albisser,thomas.albisser@yahoo.es,70
74,Josi,Tirrey,josi.tirrey@gmail.com,89
75,Fredericka,Leary,fredericka.leary@hotmail.com,63
76,Rene,Tithacott,rene.tithacott@wanadoo.fr,92
77,Bel,Butchard,bel.butchard@att.net,55
78,Sibyl,Gryglewski,sibyl.gryglewski@cox.net,92
79,Kipp,Jahns,kipp.jahns@gmail.com,14
80,Oliy,Kiley,oliy.kiley@hotmail.com,51
81,Gordy,Windross,gordy.windross@aol.com,28
82,Quintana,Diffley,quintana.diffley@aol.com,45
83,Ole,Duligal,ole.duligal@wanadoo.fr,44
84,Rica,Coneybeare,rica.coneybeare@charter.net,34
85,Doroteya,Aronstein,doroteya.aronstein@gmail.com,78
86,Sande,Hornig,sande.hornig@gmail.com,98
87,Belle,Hemphill,belle.hemphill@hotmail.com,89
88,Stafani,Francom,stafani.francom@gmail.com,22
89,Dene,Wilkennson,dene.wilkennson@aim.com,85
90,Emanuele,Sailor,emanuele.sailor@gmail.com,70
91,Jacky,Stroud,jacky.stroud@club-internet.fr,41
92,Tamma,Crunkhurn,tamma.crunkhurn@hotmail.com,15
93,Duky,Amy,duky.amy@hotmail.com,91
94,Tyne,Simister,tyne.simister@gmail.com,39
95,Fonsie,Owlner,fonsie.owlner@hotmail.com,34
96,Analiese,Dacke,analiese.dacke@free.fr,45
97,Kiley,Guerola,kiley.guerola@hotmail.com,40
98,Dewie,Carbine,dewie.carbine@yahoo.com,73
99,Parsifal,Gowlett,parsifal.gowlett@gmail.com,66
100,Winifred,Fowden,winifred.fowden@hotmail.com,88
